{
  "\n": 0,
  " ": 1,
  "!": 2,
  "\"": 3,
  "#": 4,
  "$": 5,
  "%": 6,
  "&": 7,
  "'": 8,
  "(": 9,
  ")": 10,
  "*": 11,
  "+": 12,
  ",": 13,
  "-": 14,
  ".": 15,
  "/": 16,
  "0": 17,
  "1": 18,
  "2": 19,
  "3": 20,
  "4": 21,
  "5": 22,
  "6": 23,
  "7": 24,
  "8": 25,
  "9": 26,
  ":": 27,
  ";": 28,
  "<": 29,
  "=": 30,
  ">": 31,
  "?": 32,
  "@": 33,
  "[": 34,
  "\\": 35,
  "]": 36,
  "^": 37,
  "_": 38,
  "a": 39,
  "b": 40,
  "c": 41,
  "d": 42,
  "e": 43,
  "f": 44,
  "g": 45,
  "h": 46,
  "i": 47,
  "j": 48,
  "k": 49,
  "l": 50,
  "m": 51,
  "n": 52,
  "o": 53,
  "p": 54,
  "q": 55,
  "r": 56,
  "s": 57,
  "t": 58,
  "u": 59,
  "v": 60,
  "w": 61,
  "x": 62,
  "y": 63,
  "z": 64,
  "{": 65,
  "|": 66,
  "}": 67,
  "~": 68,
  "¢": 69,
  "£": 70,
  "¥": 71,
  "§": 72,
  "©": 73,
  "®": 74,
  "°": 75,
  "±": 76,
  "·": 77,
  "¸": 78,
  "¼": 79,
  "½": 80,
  "×": 81,
  "à": 82,
  "ç": 83,
  "è": 84,
  "é": 85,
  "ï": 86,
  "ù": 87,
  "α": 88,
  "β": 89,
  "ε": 90,
  "κ": 91,
  "ξ": 92,
  "ο": 93,
  "ρ": 94,
  "и": 95,
  "л": 96,
  "о": 97,
  "с": 98,
  "т": 99,
  "у": 100,
  "ч": 101,
  "ь": 102
}